INSERT INTO CLIENTE(CPF,NOME,ENDERECO,CIDADE,TELEFONE,RG,DATA_INSCRICAO)
VALUES(44025409950 , "Jean Douglas" , "Rua XXX, 100 1E" , "Sorocaba" , 32277878 , "39078456-X" , 22/10/14);

INSERT INTO CLIENTE(CPF,NOME,ENDERECO,CIDADE,TELEFONE,RG,DATA_INSCRICAO)
VALUES(43025409950 , "Ricardo Douglas" , "Rua XXX, 100 2F" , "Sorocaba" , 32377878 , "39078454-X" , 22/10/14);

INSERT INTO CLIENTE(CPF,NOME,ENDERECO,CIDADE,TELEFONE,RG,DATA_INSCRICAO)
VALUES(44025609950 , "Michael Douglas" , "Rua XYZ, 100 1E" , "Sorocaba" , 32277777 , "39078455-X" , 22/10/13);

INSERT INTO CLIENTE(CPF,NOME,ENDERECO,CIDADE,TELEFONE,RG,DATA_INSCRICAO)
VALUES(44025409951 , "Luiz Douglas" , "Rua HueHueBR, 400" , "Sorocaba" , 33277879 , "39088456-X" , 22/02/14);

INSERT INTO CLIENTE(CPF,NOME,ENDERECO,CIDADE,TELEFONE,RG,DATA_INSCRICAO)
VALUES(44025410950 , "Medson Douglas" , "Rua XXX, 100 1E" , "Sorocaba" , 32277878 , "39078456-X" , 22/10/14);

INSERT INTO CATEGORIA
VALUES(1 , "Compacto");

INSERT INTO CATEGORIA
VALUES(2 , "Medio");

INSERT INTO CATEGORIA
VALUES(3 , "Grande");

INSERT INTO CATEGORIA
VALUES(4 , "Super Luxo");

INSERT INTO CARRO
VALUES("DSU-3567" , "Toyota" , 1);

INSERT INTO CARRO
VALUES("FTT-3567" , "Hyundai" , 2);

INSERT INTO CARRO
VALUES("HUE-3367" , "Kia" , 3);

INSERT INTO CARRO
VALUES("EEE-3877" , "BMW" , 4);

INSERT INTO CARRO
VALUES("BIA-8989" , "Mercedes" , 4);

INSERT INTO SEGURO
VALUES(1 , "Simples");

INSERT INTO SEGURO
VALUES(2 , "Contra terceiros");

INSERT INTO SEGURO
VALUES(3 , "Contra roubo");

INSERT INTO SEGURO
VALUES(4 , "Total");

INSERT INTO LOCACAO
VALUES(1 , 20/01/15, 21/01/15, 20.50 , 20.50 , 345676589 ,44025409950 ,"DSU-3567");

INSERT INTO LOCACAO
VALUES(2, 21/01/15, 25/01/15 , 20.50 , 82 , 4567898765 ,43025409950 , "FTT-3567");

INSERT INTO LOCACAO
VALUES(3, 30/01/15, 02/02/15 , 40.50 , 121.50 ,5675676789 , 44025609950 , "HUE-3367");

INSERT INTO LOCACAO
VALUES(4, 02/01/15, 04/01/15 , 50.50 , 101 , 45756789 , 44025409950 , "BIA-8989");

INSERT INTO LOCACAO
VALUES(5, 03/04/15, 05/04/15 , 80.00 , 160 , 467968694 , 44025409950 , "BIA-8989");

INSERT INTO SEGURO_LOCACAO
VALUES(1 , 1 , 1);

INSERT INTO SEGURO_LOCACAO
VALUES(2 , 3 , 2);

INSERT INTO SEGURO_LOCACAO
VALUES(3 , 3 , 3);

INSERT INTO SEGURO_LOCACAO
VALUES(4 , 2 , 3);

INSERT INTO SEGURO_LOCACAO
VALUES(5 , 3 , 2);
